ITxbwgyGh6w	How To Know How Someone Feels About You - Vanessa Van Edwards	375598	20250320	4782	Chris Williamson
lr6-GcG3t9Q	An FBI Agent's Guide To Body Language - Joe Navarro | Modern Wisdom Podcast 389	91375	20211025	4435	Chris Williamson
ZOD-C67bUc4	The Invisible Rules Of Social Success You Were Never Taught - Charles Duhigg	168258	20250301	4202	Chris Williamson
AwPNjPR-vVY	The Quiet Art of Leading Any Conversation - Jefferson Fisher	215450	20260504	7839	Chris Williamson
XieCU9nzrl8	You Can Become Socially Confident Pretty Quickly - Charlie Houpert	1904236	20220110	6151	Chris Williamson
zZHuYEZcNyM	How to Tell How Someone’s Feeling (Body Language) - Chase Hughes	233516	20260526	526	Chris Williamson
angW6h0Pt9A	The Art Of Conversation For Making Friends - David Robson	75279	20240620	6088	Chris Williamson
q9GCalevtSM	Storytelling Secrets: How To Keep People Listening - MrBallen	21026	20240528	635	Chris Williamson
BWJ4vnXIvts	12 Laws Of Power For Life - Robert Greene | Modern Wisdom Podcast 383	201395	20211011	3934	Chris Williamson
HVyepYO_33c	The Science Of Analysing Conversations - Elizabeth Stokoe	18223	20220730	4576	Chris Williamson
RgAcOqVRfYA	Science of Social Bonding in Family, Friendship & Romantic Love	613548	20211220	5602	Andrew Huberman
Q2hOryHdgAk	How to Overcome Social Anxiety | Dr. Nick Epley	176715	20260518	9024	Andrew Huberman
V0Sdgn0_kFM	The Biology of Social Interactions & Emotions | Dr. Kay Tye	584866	20240205	9066	Andrew Huberman
q8CHXefn7B4	How to Succeed at Hard Conversations | Chris Voss	4286641	20231002	10408	Andrew Huberman
XJo6jhtSq78	Body Language Expert: The #1 Habit That Makes You Unforgettable | Vanessa Van Edwards	66438	20251022	5782	Finding Mastery
q2cg1gEYWJQ	Vanessa Van Edwards: The Conversation Habit That Makes Smart People Unlikable	3291420	20260910	8785	The Diary Of A CEO
73SHFFpm4J4	Body Language Expert: 6 Psychological Tricks to Turn Awkwardness into Confidence	1016554	20240425	4822	Mel Robbins
iApkwoskJkc	PSYCHOLOGICAL TRICKS To Be More Charismatic & Confident TODAY! | Vanessa Van Edwards	4216896	20220225	6007	Lewis Howes
lYFehZWq9r0	The Science of Charisma & Influence | Vanessa Van Edwards - Human Behavior Expert	845	20250327	831	Scott D. Clary - Success Story Podcast
QzZkiEGMN3s	The Charisma Myth with Olivia Fox Cabane | 440	37	20261005	2349	This Is Woman's Work
GsLEMGGg5cs	FAILED	NA	NA	NA	NA
d_YZWaSeHws	Body language expert: 7 cues that make you instantly more likable | Full Interview	661156	20260605	3430	Big Think
