D_A74v2HCC8\tLuis Garicano on Spain, Europe, and the Future of Work\t11835\t20260930\t3552
MPXd2pa5V9Y\tGita Gopinath on Trade, Currencies, and Economic Transformation\t26731\t20260923\t3842
o0ZDf0bgEXE\tAnnie Lowrey on the Time Tax, Fraud, and Rationing by Paperwork\t8771\t20260916\t3458
qixjVoOjjAs\tMichael Moritz on Origin Stories, Exile, and Obsessive Curiosity\t9705\t20260902\t3488
UsBV0DCoDCA\tLuke Burgis on Mimetic Desire, Catholicism, and the Age of Social Contagion\t7051\t20260819\t3765
e5O1Y-5phEU\tDaron Acemoglu on Liberalism, Automation, and the Educated Elite\t31512\t20260812\t3770
CPodf-NVirM\tJulia Ioffe on Russian Women, Missing Men, and the Roots of Autocracy\t11895\t20260805\t4052
PKgD52syF3E\tAndrew Graham-Dixon on Vermeer, a Forgotten Sect, and Underrated Artists\t7254\t20260722\t3829
jMR08XbWOgw\tChase Koch on Principles, Music, and Overcoming Entropy | Conversations with Tyler\t2922\t20260715\t3726
y4Orjmn21VI\tJoel Mokyr on Clans, Corporations, and a Culture of Growth\t7405\t20260708\t3069
rcStJL-xVv8\tJoanne Paul on Thomas More and the Tudor World\t3513\t20260624\t3611
KL7WBjAuTMg\tDave Baszucki on Roblox, Teen Entrepreneurs, and the Future of Play | Conversation with Tyler\t3149\t20260617\t3476
pziNQu9Ltxs\tKatja Hoyer on Weimar, the GDR, and the German Character\t16566\t20260610\t4030
pZMuKkH92fo\tCraig Newmark on Institutional Maintenance, Giving Away Control, and the Internet We Were Promised\t4304\t20260429\t3266
Dzavi6iTDcs\tKim Bowes on the Economic Lives of Rome's Ninety Percent | Conversations with Tyler\t8420\t20260415\t4043
PIbk5AnJGqc\tArthur Brooks on Reinvention, Religion, and the Science of Happiness\t6317\t20260401\t3696
AaeXt_ocDKY\tPaul Gillingham on Why Mexico Stays Together\t23386\t20260325\t4191
qIcNigOu2H4\tHarvey Mansfield on Machiavelli, Straussianism, and the Character of Liberal Democracy | CWT\t11968\t20260318\t3887
8JDH6Y_hi1Q\tHenry Oliver on Measure for Measure, Late Bloomers, and the Smartest Writers in English\t12236\t20260304\t3663
TZSCFXKtlTI\tJoe Studwell on Africa, Asia, and What Development Actually Requires\t8226\t20260218\t3727
ubJM7w99Un8\tAndrew Ross Sorkin on Market Bubbles, Banking Rules, and the Real Lessons of 1929\t8970\t20260204\t3554
VeDKWf80Z3M\tDiarmaid MacCulloch on Christianity, Sex, and Unsettling Settled Facts\t6730\t20260121\t3809
zld39xD4sus\tBrendan Foody on Teaching AI and the Future of Knowledge Work\t9481\t20260107\t3736
7PfAkGErxS0\tConversations with Tyler 2025 Retrospective\t5293\t20251223\t3666
JIFdeXPB1Pg\tAlison Gopnik on Childhood Learning, AI as a Cultural Technology, and Rethinking Nature vs. Nurture\t6346\t20251217\t3862
xWgnW_awQw4\tGaurav Kapadia on New York City, Investing, and Contemporary Art\t6779\t20251210\t3801
qCGG3s4Luyw\tDan Wang on What China and America Can Learn from Each Other\t15909\t20251203\t5841
PczEPt4uXE4\tBlake Scholl on Supersonic Flight and Fixing Broken Infrastructure - Live at the Progress Conference\t4707\t20251119\t2470
0FJWO7ONaGk\tDonald S. Lopez Jr. on Buddhism\t5929\t20251112\t3668
cuSDy0Rmdks\tSam Altman on Trust, Persuasion, and the Future of Intelligence - Live at the Progress Conference\t45777\t20251105\t3270
RQnp6DxhHkA\tJonny Steinberg on South African Policing, the Mandelas' Marriage, and the Post-Apartheid Era\t3621\t20251029\t3565
IDXNli3JYiM\tGeorge Selgin on the New Deal and What Ended the Great Depression (live at @catoinstitutevideo)\t4811\t20251015\t4352
-H4o3emr8AE\tJohn Amaechi on Leadership, the NBA, and Being Gay in Professional Sports\t2870\t20251001\t3744
a3Gk-xOJm_c\tSteven Pinker on Coordination, Common Knowledge, and the Retreat of Liberal Enlightenment\t9721\t20250924\t3002
uRHZJDz7Di0\tDavid Commins on Saudi Arabia, Wahhabism, and the Future of the Gulf States | Convos with Tyler\t4818\t20250917\t3454
F7UoQBSKOHw\tSeamus Murphy on Photographing Patterns Across Cultures\t2138\t20250903\t3742
rOYjgXY-Ts4\t@any_austin  on the Hermeneutics of Video Games\t60846\t20250611\t4015
ob5-SXLkRO8\tChris Arnade on Walking Cities\t4059\t20250618\t3853
