BbhjEKLkfqE\tDavid Salle on the Experience of Art | Conversations with Tyler\t9508\t20211103\t3841
T9Y3Az8x9lo\tStanley McChrystal on the Military, Leadership, and Risk | Conversations with Tyler\t3093\t20211020\t3614
01RKTdzQ9zk\tDavid Cutler and Ed Glaeser on the Health and Wealth of Cities | Conversations with Tyler\t3376\t20210908\t5334
pZEaad5yYf8\tAndrew Sullivan on Braving New Intellectual Journeys | Conversations with Tyler\t6615\t20210811\t3417
v7hEF8CS79U\tNiall Ferguson on Why We Study History | Conversations with Tyler\t57515\t20210728\t3810
o8X4jIpiKKc\tRichard Prum on Birds, Beauty, and Finding Your Own Way | Conversations with Tyler\t2779\t20210630\t3860
cIDKUTsHS78\tElijah Millgram on the Philosophical Life | Conversations with Tyler\t3462\t20210616\t4971
b_6vYwCkIpc\tDavid Deutsch on Multiple Worlds and Our Place in Them | Conversations with Tyler\t66562\t20210602\t4344
ZBlkm8siHi8\tMark Carney on Central Banking and Shared Values | Conversations with Tyler\t7384\t20210526\t3738
3dElVpIXIuo\tPierpaolo Barbieri on Latin American FinTech | Conversations with Tyler\t3356\t20210519\t3675
pmByOSUzlyQ\tDaniel Carpenter on Smart Regulation | Conversations with Tyler\t1972\t20210505\t4755
kT1ux_Gdrrs\tShadi Bartsch on the Classics and China | Conversations with Tyler\t4223\t20210421\t3869
-NKB96if9Jc\tSarah Parcak on Archaeology from Space | Conversations with Tyler\t3484\t20210324\t4233
Zgf9vo0PEf4\tJohn Cochrane on Economic Puzzles and Habits of Mind | Conversations with Tyler\t8678\t20210310\t3912
NnRqbDFpeAI\tPatricia Fara on Newton, Scientific Progress, and the Benefits of Unhistoric Acts | Convos w/ Tyler\t2077\t20210224\t3658
Iiny6KBekSc\tBrian Armstrong on the Crypto Economy | Conversations with Tyler\t8331\t20210210\t3651
gaQlM_ubWW4\tBenjamin Friedman on the Origins of Economic Belief | Conversations with Tyler\t3073\t20210127\t4362
Nu58Z2O7bGk\tNoubar Afeyan on the Permission to Leap | Conversations with Tyler\t2212\t20210113\t3420
LdQ7L0ugZJc\tJohn O. Brennan on Life in the CIA | Conversations with Tyler\t20357\t20201216\t3724
wh5bbRETFCk\tZach Carter on the Life and Legacy of John Maynard Keynes | Conversations with Tyler\t2509\t20201202\t3911
SFKR8szoaqA\tJimmy Wales on Systems and Incentives | Conversations with Tyler\t1991\t20201118\t3796
ASC7Dgo0-mg\tEdwidge Danticat on Haitian Art and Literature | Conversations with Tyler\t1587\t20201104\t3724
MixqW5IQR98\tMichael Kremer on Economists as Founders | Conversations with Tyler\t2096\t20201021\t3620
BDtWabMapvg\tAudrey Tang on the Technology of Democracy | Conversations with Tyler\t5707\t20201007\t3495
2ofS0jgtD0k\tAlex Ross on Music, Culture, and Criticism | Conversations with Tyler\t2707\t20200923\t3911
zCuH4dGoSwg\tNicholas Bloom on Management, Productivity, & Scientific Progress | Conversations with Tyler\t3250\t20200812\t3899
BWAMTAxbGwI\tNathan Nunn on the Paths to Development | Conversations with Tyler\t3084\t20200729\t4017
COmm3kjSYPc\tMelissa Dell on the Significance of Persistence | Conversations with Tyler\t3749\t20200715\t4015
oPz7MCth_3I\tAnnie Duke on Poker, Probabilities, and How We Make Decisions | Conversations with Tyler\t5205\t20200701\t3684
jVuWwvesvKI\tRachel Harmon on Policing | Conversations with Tyler\t1645\t20200617\t3687
Y_BzgKOJme8\tAshley Mears on Status and Beauty | Conversations with Tyler\t16065\t20200603\t3812
V5cScmgJdSg\tPaul Romer on a Culture of Science and Working Hard | Conversations with Tyler\t3480\t20200520\t3726
I2f0OiKuOJA\tAdam Tooze on our Financial Past and Future | Conversations with Tyler\t16191\t20200506\t4138
LRJQdCUea1I\tGlen Weyl on Fighting COVID-19 and the Role of the Academic Expert | Conversations with Tyler\t2286\t20200429\t3530
nJoImhNTvA8\tPhilip E. Tetlock on Forecasting and Foraging as a Fox | Conversations with Tyler\t5012\t20200422\t3646
9EWqBwjqjcI\tEmily St. John Mandel on Fact, Fiction, and the Familiar | Conversations with Tyler\t2915\t20200408\t3504
