vfbndRTlsg4\tPeter Thiel on Political Theology | Conversations with Tyler\t144521\t20240417\t5240
sQoNd9oEeoI\tJonathan Haidt on Adjusting to Smartphones and Social Media | Conversations with Tyler\t19280\t20240403\t3789
0r82i9tWOwk\tFareed Zakaria on the Power of Ideas, and the Rewards of Intellectual | Conversations with Tyler\t40368\t20240327\t4378
qXj6KFII-zU\tMarilynne Robinson on Biblical Interpretation, Calvinist Thought, and Religion in America | CWT\t4520\t20240320\t2945
wGWirl2fUwE\tMarc Andreessen on AI and Dynamism | Conversations with Tyler\t16468\t20240313\t1847
3cD8_nbuyiU\tMarc Rowan on Financial Market Evolution and University Governance | Conversations with Tyler\t15318\t20240306\t3431
qSRtjsrqzsM\tMasaaki Suzuki on Interpreting Bach | Conversations with Tyler\t5859\t20240221\t3772
9Rw-_yti41Y\tAmi Vitale on Photojournalism and Wildlife Conservation | Conversations with Tyler\t1521\t20240207\t3267
0KXw4ZgRSyU\tRebecca F. Kuang on National Literatures, Book Publishing, and History in Fiction | CWT\t4516\t20240124\t3745
FAxsoZ36OFI\tPatrick McKenzie on Navigating Complex Systems | Conversations with Tyler\t7444\t20240110\t3901
xZref5MleYk\tConversations with Tyler 2023 Retrospective | Conversations with Tyler\t3400\t20231227\t4156
Rrm2qCR_y4E\tFuchsia Dunlop on the Story of Chinese Food | Conversations with Tyler\t7812\t20231214\t6294
3l9phu3XTJw\tJohn Gray on Pessimism, Liberalism, and Theism | Conversations with Tyler\t14672\t20231129\t3714
dlKsUzdr8vw\tJennifer Burns on Milton Friedman and Ayn Rand | Conversations with Tyler\t6209\t20231115\t3787
JaLUOj9liwk\tJason Furman on Productivity, Competition, and Growth | Conversations with Tyler\t347\t20231121\t3671
YklSYg6JX-k\tAlexander the Grate on Life as an NFA | Conversations with Tyler\t395\t20231121\t2687
543ElaaIMww\tZeynep Tufekci on the Sociology of The Moment (Live) | Conversations with Tyler\t709\t20231121\t3956
4vVsp1-Zs0A\tAmia Srinivasan on Utopian Feminism | Conversations with Tyler\t6793\t20231121\t3902
WTFSN35NvbQ\tRuth Scurr on the Art of Biography | Conversations with Tyler\t319\t20231121\t3061
RMgkaVls0-M\tAna Vidović on Prodigies, Performance, and Perseverance | Conversations with Tyler\t876\t20231121\t2692
6-PuQkXbBOw\tChuck Klosterman on Writing the Past and Relishing the Present | Conversations with Tyler\t1458\t20231121\t4512
JKAMFP6FZWc\tMatthew Ball on the Metaverse and Gaming | Conversations with Tyler\t159\t20231121\t3334
z5qvvdt8BOs\tMary Gaitskill on Subjects That Are Vexing Everybody | Conversations with Tyler\t1600\t20231121\t2732
lzzUeIDHXxE\tCynthia L. Haven on René Girard, Czeslaw Milosz, and Joseph Brodsky | Conversations with Tyler\t664\t20231121\t2697
rpWT9eUPISk\tJohn Adams on Composing and Creative Freedom | Conversations with Tyler\t914\t20231121\t2759
APb4AV-1JJ4\tRick Rubin on Listening, Taste, and the Act of Noticing | Conversations with Tyler\t4707\t20231121\t3316
SHCbP_kOfsE\tPaul Salopek on Walking the World | Conversations with Tyler\t1116\t20231121\t2740
qQi4fV3IZbE\tJonathan GPT Swift on Jonathan Swift | Conversations with Tyler\t1032\t20231121\t2496
cma-CXWT1F8\tPaul Graham on Ambition, Art, and Evaluating Talent | Conversations with Tyler\t18070\t20231121\t3311
Z2c4PmmoeeI\tRe-release: Claudia Goldin on the Economics of Inequality | Conversations with Tyler\t489\t20231121\t3000
ZU_9sZWZ2VM\tBrian Koppelman on TV, Movies, and Appreciating Art | Conversations with Tyler\t1731\t20231108\t3963
qIz2NcmVmdo\tGithae Githinji on Life in Kenya | Conversations with Tyler\t665\t20231102\t2725
MiV7QoBeEzo\tHarriet Karimi Muriithi on Life in Kenya | Conversations with Tyler\t833\t20231102\t2556
0eQN8D2Bkzc\tStephen Jennings on Building New Cities | Conversations with Tyler\t2685\t20231101\t3222
hQs7HVGLNv4\tJacob Mikanowski on Eastern Europe | Conversations with Tyler\t2585\t20231024\t3612
xQZLATAUM3k\tAda Palmer on Viking Metaphysics, Contingent Moments, and Censorship | Conversations with Tyler\t19638\t20231004\t3977
kkdpfzaElg8\tLazarus Lake on Endurance, Uncertainty, and Reaching One’s Potential | Conversations with Tyler\t6363\t20230920\t3606
