Ue2ZB07rCeo\tJohn Nye on Revisionist Economic History and Having Too Many Hobbies | Conversations with Tyler\t321\t20231121\t3510
0vOoaS8OrY4\tEric Schmidt on the Life-Changing Magic of Systematizing, Scaling, and Saying "Thanks" (Live) | CWT\t1260\t20231121\t3290
MLusKST5XX8\tBen Thompson on Business and Tech | Conversations with Tyler\t761\t20231121\t3608
IpXYTHnj7iM\tRob Wiblin interviews Tyler on *Stubborn Attachments* | Conversations with Tyler\t243\t20231121\t9040
Gckc6sYaMcI\tPaul Krugman on Politics, Inequality, and Following Your Curiosity | Conversations with Tyler\t2844\t20231121\t3176
6lxhcHOGkJo\tBruno Maçães on the Spirit of Adventure | Conversations with Tyler\t555\t20231121\t3465
Z4ELs54BmuY\tMichele Gelfand on Tight and Loose Cultures | Conversations with Tyler\t968\t20231121\t3365
LA01e5B9aOI\tClaire Lehmann on Speaking Freely | Conversations with Tyler\t366\t20231121\t2825
1jPyuE2YsMA\tMichael Pollan on the Science and Sublimity of Psychedelics | Conversations with Tyler\t274\t20231121\t3560
ie8a0wvIyms\tMichelle Dawson on Autism and Atypicality | Conversations with Tyler\t630\t20231121\t3216
yzAFYZeEUrQ\tVitalik Buterin on Cryptoeconomics and Markets in Everything | Conversations with Tyler\t599\t20231121\t3154
ctrzEIAig80\tJuan Pablo Villarino on Travel and Trust | Conversations with Tyler\t191\t20231121\t3686
d4MAJ4D4UJk\tElisa New on Poetry in America and Beyond | Conversations with Tyler\t477\t20231121\t3250
d7vrmKUaDIM\tNassim Nicholas Taleb on Self-Education and Doing the Math (Plus special guest Bryan Caplan) | CWT\t8153\t20231121\t5840
f-TCpsK9VD4\tBryan Caplan on Learning across Disciplines (Live at Mason Econ) | Conversations with Tyler\t2770\t20231121\t4316
sFVBpiej8Hk\tBalaji Srinivasan on the Power and Promise of the Blockchain | Conversations with Tyler\t2351\t20231121\t3293
nYEnncEIHZY\tAgnes Callard on the Theory of Everything | Conversations with Tyler\t787\t20231121\t3586
u2iXuSRWKpA\tMartina Navratilova on Shaping Herself (Live at Mason) | Conversations with Tyler\t408\t20231121\t3947
IKfNiwMqc9I\tChris Blattman on Development, Conflict, and Doing What’s Interesting | Conversations with Tyler\t202\t20231121\t3648
6Ek5aC_cHA4\tRobin Hanson on Signaling and Self-Deception (Live at Mason Econ) | Conversations with Tyler\t1092\t20231121\t3947
81SgYUkSwoQ\tMatt Levine Live at Bloomberg HQ | Conversations with Tyler\t1760\t20231121\t3962
HWwWVykI4sY\tCharles C. Mann on Shaping Tomorrow’s World and the Limits to Growth | Conversations with Tyler\t459\t20231121\t3341
bsAqjFlLD_g\tRoss Douthat on Narrative and Religion (Live at Mason) | Conversations with Tyler\t1246\t20231121\t5116
tmcAPormxa4\tAndy Weir on the Economics of Sci-Fi and Space | Conversations with Tyler\t1575\t20231121\t3158
fyMiYOkxAqE\tDoug Irwin on US Trade Policy (BONUS) | Conversations with Tyler\t297\t20231121\t3425
aQoI7EPK6D8\tSujatha Gidla on Being an Ant Amongst the Elephants (Live) | Conversations with Tyler\t959\t20231121\t3764
-VjeTH85INY\tSteve Teles and Brink Lindsey on *The Captured Economy* | Conversations with Tyler\t174\t20231121\t3162
kjwgML2Sm9w\tMary Roach on Disgust, Death, and Danger | Conversations with Tyler\t6258\t20171018\t4863
bpsrdr3B7L0\tLarry  Summers on Macroeconomics, Mentorship, and Avoiding Complacency | Conversations with Tyler\t13830\t20170920\t4846
2nTSMbf52rw\tDave Barry on Humor, Writing, and Life as a Florida Man | Conversations with Tyler\t416\t20231121\t3476
iBU6d8DaQXI\tDave Rubin on Digital Media, Crowdfunding, and Comedy (Live) | Conversations with Tyler\t130\t20231121\t1965
9SqyP8_XHW4\tAtul Gawande on Priorities, Big and Small | Conversations with Tyler\t156\t20231121\t3452
Rhe0NrFXxpI\tBen Sasse on the Space between Nebraska and Neverland | Conversations with Tyler\t11505\t20170628\t4897
Wqb9b2qpMzk\tEdward Luce on The Retreat of Western Liberalism (Live) | Conversations with Tyler\t446\t20231121\t3262
6ebkbbiYbQs\tJill Lepore on Traveling through Time | Conversations with Tyler\t711\t20231121\t4130
8bkb-BEVV_E\tTyler Cowen and Steve Davies talk Theresa May, Brexit, and Europe (Live) | Conversations with Tyler\t146\t20231121\t1441
gRWDPL5odF0\tRaj Chetty on Teachers, Social Mobility, and How to Find Answers to Big Questions | Convos w/ Tyler\t647\t20231121\t3749
Mk2VnlSz1Kc\tPatrick Collison has a Few Questions for Tyler (Live at Stripe) | Conversations with Tyler\t3268\t20231121\t5625
