pVLnnqrAssM\tRoss Douthat on Decadence and Dynamism | Conversations with Tyler\t1813\t20231121\t4035
9xlzU_8e0Mk\tRuss Roberts and Tyler Cowen on COVID-19 (recorded live March 18, 2020)\t11066\t20200318\t4886
rBi1fvO6K3s\tJohn McWhorter on Linguistics, Music, and Race (Live at Mason) | Conversations with Tyler\t3928\t20231121\t4731
8M2722uV9cg\tGarett Jones on Democracy (More or Less) | Conversations with Tyler\t680\t20231121\t3385
lY0oaJYn7vk\tTim Harford on Persuasion and Popular Economics | Conversations with Tyler\t238\t20231121\t3555
zau0W2powOY\tEzra Klein on Why We’re Polarized | Conversations with Tyler\t2474\t20231121\t4201
Z2QWRFK8GQ8\tSlavoj Žižek on His Stubborn Attachment to Communism | Conversations with Tyler\t9661\t20231121\t5208
qBUWjVJIBRo\tAbhijit Banerjee on Theory, Practice, and India | Conversations with Tyler\t1144\t20231121\t3725
3TR14MGmr78\tTyler Looks Back on 2019 (BONUS) | Conversations with Tyler\t72\t20231121\t3167
p6mmjixfsPM\tEsther Duflo on Management, Growth, and Research in Action | Conversations with Tyler\t214\t20231121\t3698
GiIoEFCdHys\tDaron Acemoglu on the Struggle Between State and Society | Conversations with Tyler\t3528\t20231121\t3319
lNB-DX0QU8M\tMark Zuckerberg Interviews Patrick Collison & Tyler on the Nature & Causes of Progress (BONUS) | CWT\t648\t20231121\t4084
kkuxlhPre_o\tLunch with Fuchsia Dunlop at Mama Chang (Bonus) | Conversations with Tyler\t442\t20231121\t4607
_vVwdgcsu0s\tHenry Farrell on Weaponized Interdependence, Big Tech, and Playing with Ideas | Convos with Tyler\t541\t20231121\t4265
OBScO3V-_IQ\tBen Westhoff on Synthetic Drugs, Dive Bars, and the Evolution of Rap | Conversations with Tyler\t109\t20231121\t3644
kOHx5YMtfFk\tAlain Bertaud on Cities, Markets, and People | Conversations with Tyler\t650\t20231121\t4826
jj8u-h52DzQ\tSamantha Power on Learning How to Make a Difference | Conversations with Tyler\t253\t20231121\t3993
-9xl6DnaWRs\tHollis Robbins on 19th Century Life and Literature | Conversations with Tyler\t191\t20231121\t3023
DZKl0hEYKAQ\tM. Gessen on the Ins and Outs of Russia | Conversations with Tyler\t5709\t20231121\t4104
1IAwt1ORln4\tNeal Stephenson on Depictions of Reality | Conversations with Tyler\t1307\t20231121\t3295
N0hzSWO6TkM\tEric Kaufmann on Immigration, Identity, and the Limits of Individualism | Conversations with Tyler\t824\t20231121\t3386
OxvI-GBUBrI\tHal Varian on Taking the Academic Approach to Business | Conversations with Tyler\t391\t20231121\t3392
OZH6UY8ENSQ\tRuss Roberts on Life as an Economics Educator | Conversations with Tyler\t198\t20231121\t3682
_rdb50vhcy0\tEzekiel Emanuel on the Practice of Medicine, Policy, and Life | Conversations with Tyler\t243\t20231121\t3731
azK-WWNpJVs\tKarl Ove Knausgård on Literary Freedom | Conversations with Tyler\t7450\t20231121\t3605
nb0PwoWUz34\tMargaret Atwood on Canada, Writing, and Invention (Live at Mason) | Conversations with Tyler\t3581\t20231121\t4478
m1rk3f5HYrA\tEd Boyden on Minding your Brain | Conversations with Tyler\t549\t20231121\t3695
SEbHlXJyUaU\tEmily Wilson on Translations and Language | Conversations with Tyler\t836\t20231121\t3381
UQwOsis87Ic\tRaghuram Rajan on Understanding Community | Conversations with Tyler\t443\t20231121\t3376
q2jteCP74ls\tJordan Peterson on Mythology, Fame, and Reading People | Conversations with Tyler\t1171\t20231121\t3185
gdkya9uzK38\tNoel Johnson and Mark Koyama on *Persecution and Toleration* | Conversations with Tyler\t135\t20231121\t4570
NYTmoYDEEdE\tLarissa MacFarquhar on Getting Inside Someone's Head | Conversations with Tyler\t318\t20231121\t3605
RmrI6d4nQro\tRebecca Kukla on Moving through and Responding to the World | Conversations with Tyler\t186\t20231121\t3657
VRLDAT05KoE\tDaniel Kahneman on Cutting Through the Noise | Conversations with Tyler\t3487\t20231121\t4156
fWpWB9lthm0\tPaul Romer on the Unrivaled Joy of Scholarship | Conversations with Tyler\t179\t20231121\t3159
