ehlhrqSWPbo\tMalcolm Gladwell Wants to Make the World Safe for Mediocrity | Conversations with Tyler\t347982\t20170315\t5482
eBV7PJkLR2Q\t*The Complacent Class* with Katherine Mangu-Ward (Live at Mason) | Conversations with Tyler\t168\t20231121\t3378
DH0VqlPnzpE\tDavid Wolpe on Leadership, Religion, and Identity | Conversations with Tyler\t19780\t20170215\t4695
3UltpI_b5iU\tChef Mark Miller on Food as the Ultimate Intellectual Exploration | Conversations with Tyler\t7106\t20170125\t4449
KQkK8ThNsOY\tJhumpa Lahiri on Writing, Translation, and Crossing Between Cultures | Conversations with Tyler\t82129\t20170111\t5075
dRUyfW0ECNg\tJoseph Henrich on Cultural Evolution, WEIRD Societies, and Life Among Tribes | Convos with Tyler\t39836\t20161214\t5062
onWbXaRFge0\tFuchsia Dunlop on Chinese Food, Culture, and Travel | Conversations with Tyler\t41220\t20161116\t4451
CVaWR8ISEd4\tSteven Pinker on Language, Reason, and the Future of Violence | Conversations with Tyler\t72944\t20161102\t5144
aO6bXQdF3Fs\tEzra Klein on Media, Politics, and Models of the World | Conversations with Tyler\t957\t20231121\t4631
uNX4ywuWqRE\tCass Sunstein on Judicial Minimalism, the Supreme Court, and Star Wars | Conversations with Tyler\t11560\t20160622\t4605
VSRuncwwJyQ\tCamille Paglia on Her Lifestyle of Observation and Lamb Vindaloo | Conversations with Tyler\t199378\t20160425\t5172
8lYahQrEx7M\tJonathan Haidt on Morality, Politics, and Intellectual Diversity on Campus | Convos with Tyler\t1098\t20231121\t3725
_tMA7F4FA94\tNate Silver on the Supreme Court and Underrated Stats for Finding Good Food | Convos with Tyler\t16306\t20160223\t4841
lIRr6C62Hzk\tKareem Abdul-Jabbar on Fighting Bruce Lee, Growing Up in Harlem, and Basketball | Convos with Tyler\t38500\t20160202\t4897
M17H2dZixEI\tDani Rodrik on Why the World is Second Best, at Best | Conversations with Tyler\t25754\t20151001\t5074
e7DU5f0GZ9E\tLuigi Zingales on Italy, Google and Conglomeration, and Donald Trump | Conversations with Tyler\t20218\t20150916\t4577
w8pEgvzJ7p4\tJeffrey Sachs on Charter Cities and How to Reform Graduate Economics Education | Convos with Tyler\t31019\t20150409\t5536
i_yJTCDU4uE\tPeter Thiel on Stagnation, Innovation, and What Not To Name Your Company | Conversations with Tyler\t138644\t20150402\t4840
