wvvP9sFANjM\tAustan Goolsbee on Central Banking as a Data Dog | Conversations with Tyler\t2408\t20250625\t3624
nL90O8Cuaww\tDavid Robertson on Conducting, Pierre Boulez, and Musical Interpretation | Conversations with Tyler\t1745\t20250709\t3715
c8oDJyKPjEo\tHelen Castor on Medieval Power and Personalities | Conversations with Tyler\t11250\t20250723\t4075
WVriGQQR8es\tAnnie Jacobsen on Nuclear War, Intelligence Operations, and Conspiracy Realities\t5066\t20250806\t3491
EEnB4jS82T0\tNate Silver on Life’s Mixed Strategies\t7010\t20250813\t3939
I8Z50JuysNg\tDavid Brooks on Audacity, AI, and the American Psyche (Live at @92ndStreetY)\t13806\t20250820\t4493
rml8ZaP8XpQ\tJohn Arnold on Trading, Energy, and Evidence-Based Philanthropy | Conversations with Tyler\t9208\t20250604\t4009
mdU9GLpGDrM\tTheodore Schwartz on Neurosurgery, Consciousness, and Brain-Computer Interfaces | Convos with Tyler\t3555\t20250521\t3532
U1ZMmKMMHgQ\tJack Clark on AI's Uneven Impact | Conversations with Tyler\t11021\t20250507\t3804
u1bqpyqLn0A\tKenneth Rogoff on Monetary Moves, Fiscal Gambits, and Classical Chess | Conversations with Tyler\t12171\t20250430\t3782
CPwiK0dRFRg\tChris Dixon on Blockchains, AI, and the Future of the Internet | Conversations with Tyler\t5301\t20250423\t4053
kOoH-SNBWps\tIan Leslie on McCartney, Lennon, and the Greatest Creative Partnership of All Time | CWT\t6269\t20250416\t3699
hQNe7nSgcrw\tJennifer Pahlka on Reforming Government | Conversations with Tyler\t4077\t20250409\t3418
J5wW1Tlwhto\tSheilagh Ogilvie on Epidemics, Guilds, and the Persistence of Bad Institutions | Convos with Tyler\t2514\t20250402\t3716
PYzh3Fb8Ln0\tEzra Klein on the Abundance Agenda | Conversations with Tyler\t29653\t20250319\t4190
D70KznMs6PI\tCarl Zimmer on the Hidden Life in the Air We Breathe | Conversations with Tyler\t2473\t20250305\t3541
gwq_WKBpYJQ\tGregory Clark on Social Mobility, Migration, and Assortative Mating (Live at Mercatus) | CWT\t7289\t20250219\t5187
T7cDKkrp-nM\tRoss Douthat on Why Religion Makes More Sense Than You Think | Conversations with Tyler\t15258\t20250205\t4566
KhdgihzE1MA\tJoe Boyd on the Birth of Rock, World Music, and Being There for Everything | Convos with Tyler\t3115\t20250122\t3817
iV34kkD61AA\tScott Sumner on Monetary Rules, Blooming Late, and the Death of Cinema | Conversations with Tyler\t5698\t20250108\t4314
Zwg-VwqkpxU\tConversations with Tyler 2024 Retrospective | Conversations with Tyler\t5353\t20241225\t3685
Nrhs3FmD9n4\tPaula Byrne on Thomas Hardy’s Women, Jane Austen’s Humor, and Evelyn Waugh’s Warmth | CWT\t3304\t20241211\t3343
XCWvAZ0eknY\tStephen Kotkin on Stalin, Power, and the Art of Biography | Conversations with Tyler\t150931\t20241204\t5340
8Uu0JBDBOrE\tRuss Roberts on Vasily Grossman’s Life and Fate | Conversations with Tyler\t4654\t20241125\t3997
LSw0skSwrys\tNeal Stephenson on History, Spycraft, and American-Soviet Parallels | Conversations with Tyler\t5619\t20241113\t3563
4vd2b2gFgos\tChristopher Kirchhoff on Military Innovation and the Future of War | Conversations with Tyler\t6629\t20241030\t3603
InyYc8pdSBQ\tMusa al-Gharbi on Elite Wokeness, Islam, and Social Movements | Conversations with Tyler\t4291\t20241016\t3552
dMw4hn6RF50\tTom Tugendhat on Modernizing the UK and Political Reform | Conversations with Tyler\t2632\t20241009\t3298
GSrJjDIJwmM\tKyla Scanlon on Communicating Economic Ideas through Social Media | Conversations with Tyler\t13004\t20241002\t4046
nfDLSbTJCik\tTobi Lütke on Creating Shopify for Americans as a German in Canada | Conversations with Tyler\t5401\t20240918\t4005
x1K4LnJs9To\tPhilip Ball on the Interplay of Science, Society, and the Quest for Understanding | CWT\t4603\t20240904\t4732
bhs3YqQUFaA\tNate Silver on Risk-takers, Politicians, and Poker Players | Conversations with Tyler\t7409\t20240821\t3833
FjJIo_AS5Ik\tPaul Bloom on the Psychology of Children, and the Morality of Empathy and Disgust | CWT\t8321\t20240807\t3750
1qx5ZdGiKuY\tAlan Taylor on Revolutionary Ironies and the Continental Civil War | Conversations with Tyler\t5395\t20240724\t3592
15S2xPqYnoI\tBrian Winter on Brazil, Argentina, and the Future of Latin America | Conversations with Tyler\t4149\t20240710\t3650
dFTaS1HbgWU\tJoseph Stiglitz on Pioneering Economic Theories, Policy Challenges, & His Intellectual Legacy | CWT\t6825\t20240626\t3468
vjBASiWgtQA\tVelina Tchakarova on China, Russia, and the Future of Geopolitics | Conversations with Tyler\t4553\t20240612\t3474
f4CoSJtVWxA\tMichael Nielsen on Collaboration, Quantum Computing, and Civilization's Fragility | CWT\t8088\t20240529\t4102
EZttQtZI3lA\tColeman Hughes on Colorblindness, Jazz, and Identity | Conversations with Tyler\t5809\t20240501\t3609
