Hhg1X1CYlmk\tJerusalem Demsas on The Dispossessed, Gulliver's Travels, and Of Boys and Men | Convos with Tyler\t2480\t20230906\t4129
XACy_6D4WLk\tVishy Anand on Staying in the Game | Conversations with Tyler\t37327\t20230830\t3785
iBg1S_r7zoA\tNoam Dworman on Stand-Up Comedy and Staying Open-Minded | Conversations with Tyler\t3296\t20230726\t3840
qIvOjJsiSO8\tReid Hoffman on the Possibilities of AI | Conversations with Tyler\t5441\t20230628\t3974
Sk2pVd9Wdiw\tNoam Chomsky on Language, Left Libertarianism, and Progress | Conversations with Tyler\t31394\t20230614\t3147
Y7M87ERcArc\tPeter Singer on Utilitarianism, Influence, and Controversial Ideas | Conversations with Tyler\t10981\t20230607\t3565
rxjw9C7HDAg\tSeth Godin on Marketing, Meaning, and the Bibs We Wear | Conversations with Tyler\t4035\t20230531\t3614
lkn9CLYbTiQ\tSimon Johnson on Banking, Technology, and Prosperity | Conversations with Tyler\t2563\t20230517\t3541
_pTnhvpuRuY\tKevin Kelly on Advice, Travel, and Tech | Conversations with Tyler\t3897\t20230503\t3873
Ybsfm2by6uA\tAnna Keay on Historic Architecture, Monarchy, and 17th Century Britain | Conversations with Tyler\t6028\t20230419\t3464
TWP5csi1zbs\tJess Wade on Chiral Materials, Open Knowledge, and Representation in STEM | Conversations with Tyler\t1732\t20230405\t3543
KcbwBqIyusc\tYasheng Huang on the Development of the Chinese State | Conversations with Tyler\t6966\t20230308\t3965
2IvChrUmsuc\tBrad DeLong on Intellectual and Technical Progress | Conversations with Tyler\t4912\t20230222\t3550
p_8tdVSTf8Q\tGlenn Loury on the Cover Story and the Real Story | Conversations with Tyler\t6085\t20230208\t3714
he_VJ4wOPgI\tKatherine Rundell on the Art of Words | Conversations with Tyler\t8937\t20230111\t3553
q8qjGuC_e_Q\tConversations with Tyler 2022 Retrospective | Conversations with Tyler\t3316\t20221228\t3483
BvQC3Qly_as\tJeremy Grantham on Investing in Green Tech | Conversations with Tyler\t13761\t20221130\t2908
ThtRjwvYzXg\tKen Burns on the Complications of History | Conversations with Tyler\t4112\t20221116\t3449
smmISnEfr0g\tReza Aslan on Martyrdom, Islam, and Revolution | Conversations with Tyler\t6435\t20221019\t3581
DDqMSMnVwas\tWalter Russell Mead on the Past and Future of American Foreign Policy | Conversations with Tyler\t6647\t20221005\t3601
eQTc6eBKUTg\tVaughn Smith on Life as a Hyperpolyglot | Conversations with Tyler\t11798\t20220907\t3689
Yt5ssmk9Rg4\tShruti Rajagopalan talks to Daniel Gross and Tyler Cowen about Identifying and Predicting Talent\t3389\t20220901\t4702
-tdt-qca4RM\tWilliam MacAskill on Effective Altruism, Moral Progress, and Cultural Innovation | Convos with Tyler\t3768\t20220810\t3804
zKT0TlZLijo\tBarkha Dutt on the Nuances of Indian Life | Conversations with Tyler\t4228\t20220629\t3507
eNl6Cr1k07c\tMarc Andreessen on Learning to Love the Humanities | Conversations with Tyler\t16476\t20220615\t3971
VV_-PaC8RGE\tJamal Greene on Reconceiving Rights | Conversations with Tyler\t1735\t20220601\t3629
v_YKWCnUT0Y\tChris Blattman on War and Centralized Power | Conversations with Tyler\t2589\t20220504\t3611
jOO7EZxYlE8\tThomas Piketty on the Politics of Equality | Conversations with Tyler\t9143\t20220420\t3758
1cTvW8h8Tas\tLydia Davis on Language and Literature | Conversations with Tyler\t6503\t20220323\t2999
T3mFAZCEp8A\tSam Bankman-Fried on Arbitrage and Altruism | Conversations with Tyler\t19571\t20220309\t3669
WzTos4RDCks\tSebastian Mallaby on Venture Capital | Conversations with Tyler\t4770\t20220209\t3917
lBiEBTp8Rko\tStewart Brand on Starting Things and Staying Curious | Conversations with Tyler\t4848\t20220126\t4525
4_dOMTe7UUY\tRuss Roberts on Israel and Life as an Immigrant | Conversations with Tyler\t1938\t20220119\t4533
0T2lsFBAK5A\tConversations with Tyler 2021 Retrospective | Conversations with Tyler\t3856\t20211229\t3653
K9D0ElcV8DA\tRay Dalio on Investing, Management, and the Changing World Order | Conversations with Tyler\t34624\t20211215\t4108
