YnQG4gPTdfA	What 4 Years of Depression Taught a Psychologist
kpfzh2rsV1c	Why Your Brain Sabotages Your Own Happiness
uYzzfQ51V2U	The Real Reason You Can't Focus (It's Not Just Your Phone)
p6l-bd34Hhk	How to Stop Overthinking
gIicDPqdXx4	Why The Past Feels Better Than Now
Z7zTCX39XTU	Your Parents Gave You Their Money Problems
mpEmjnAoM-M	Why You Can't Get Ahead
Hk7Zz-KsAyc	Why You Love Feeling Uncomfortable
uHuSpsGWxQ4	Why Innocent People Confess to Crimes They Didn't Commit
Exq_aynYzrM	Why Your Brain Works NOTHING Like You Think
A8uokmk_MvE	The Hidden Power Of Forgetting
DZj73Fu939s	Why You're Not As Broken As You Believe
3wiMC4zsq8o	Why You’re Always Overwhelmed
bTQM2XMec6M	Why You Choke Under Pressure
PFY96JwLHTQ	The Secret Coding in Your Brain That Makes Art Unforgettable
aJX2H54MPXY	Brave People Share One Thing. It's Not What You Expect
fgjYuEPGkdM	Hidden Brain is Coming to YouTube!
