kpfzh2rsV1c	Why Your Brain Sabotages Your Own Happiness	21802	20260911	662
uYzzfQ51V2U	The Real Reason You Can't Focus (It's Not Just Your Phone)	54278	20260831	1110
p6l-bd34Hhk	How to Stop Overthinking	7463	20260820	578
YnQG4gPTdfA	What 4 Years of Depression Taught a Psychologist	5320	20260924	1078
Z7zTCX39XTU	Your Parents Gave You Their Money Problems	3390	20260730	650
mpEmjnAoM-M	Why You Can't Get Ahead	4391	20260720	1093
uHuSpsGWxQ4	Why Innocent People Confess to Crimes They Didn't Commit	2538	20260624	1910
Exq_aynYzrM	Why Your Brain Works NOTHING Like You Think	10798	20260603	1260
A8uokmk_MvE	The Hidden Power Of Forgetting	8753	20260525	1067
DZj73Fu939s	Why You're Not As Broken As You Believe	9221	20260501	1156
3wiMC4zsq8o	Why You’re Always Overwhelmed	20092	20260420	1221
PFY96JwLHTQ	The Secret Coding in Your Brain That Makes Art Unforgettable	6799	20260410	976
aJX2H54MPXY	Brave People Share One Thing. It's Not What You Expect	8972	20260410	904
Hk7Zz-KsAyc	Why You Love Feeling Uncomfortable	2515	20260707	650
gIicDPqdXx4	Why The Past Feels Better Than Now	2538	20260811	508
bTQM2XMec6M	Why You Choke Under Pressure	5940	20260410	896
